상품번호(스마트스토어),판매자상품코드,채널,결제여부,상품명,스마트스토어전용 상품명,쇼핑윈도전용 상품명,판매상태,전시상태,재고수량,판매가,할인가(PC),판매자즉시할인(PC),관리자즉시할인(PC),할인가(모바일),판매자즉시할인(모바일),관리자즉시할인값(모바일),옵션,추가상품,상품속성,최소구매수량,최대구매수량,복수구매할인,포인트(상품구매),포인트(상품구매/관리자),포인트(텍스트리뷰 작성),포인트(포토/동영상리뷰 작성),포인트(한달사용 텍스트리뷰 작성),포인트(한달사용 포토/동영상리뷰 작성),포인트(톡톡친구/스토어찜고객 리뷰 작성),무이자할부,사은품,묶음배송,배송비유형,배송비결제방식,기본배송비,반품배송비,교환배송비,무료반품보험,네이버쇼핑 등록(스마트스토어),네이버쇼핑 등록(쇼핑윈도),대분류,중분류,소분류,세분류,제조사명,브랜드명,브랜드ID,모델명,브랜드인증,자체제작,맞춤제작,인증정보,판매자바코드,판매자 내부코드1,판매자 내부코드2,대표이미지 URL,판매시작일,판매종료일,모바일 미리보기 생성일,상품등록일,최종수정일,구독유형
5742885087,hs298,스마트스토어,Y,테이블 스탠드 표찰 예약 흡연석 금연,N,-,판매중,전시중,59994,180500,2000,178500원,,2000,178500원,,Y,N,N,,,,,1.0%,100,250,100,250,0,,,,조건부 무료,착불 또는 선결제,2750,2750,5500,N,Y,-,가구/인테리어,인테리어소품,디자인문패,,하우사인,알리네 간판,,,,N,N,N,,,,http://shop1.phinf.naver.net/20210727_220/1627384089369gPBRH_PNG/28519984884009079_1548837228.png,,,,2021-07-25 17:17:35,2021-07-28 12:31:23,
5742885086,hs211,스마트스토어,Y,스티커표찰 소화기 흡연구역 화재 안내판,N,-,판매중,전시중,79992,6500,2000,4500원,,2000,4500원,,Y,N,N,,,,,1.0%,100,250,100,250,0,,,,조건부 무료,착불 또는 선결제,2750,2750,5500,N,Y,-,가구/인테리어,인테리어소품,디자인문패,,하우사인,알리네 간판,,,,N,N,N,,,,http://shop1.phinf.naver.net/20210727_198/1627385262813PXzjF_PNG/28521046505822468_1952853996.png,,,,2021-07-25 17:17:35,2021-07-28 12:31:23,
5742885085,hs222,스마트스토어,Y,스티커표찰 화장실 성별 안내판,N,-,판매중,전시중,179982,6500,2000,4500원,,2000,4500원,,Y,N,N,,,,,1.0%,100,250,100,250,0,,,,조건부 무료,착불 또는 선결제,2750,2750,5500,N,Y,-,가구/인테리어,인테리어소품,디자인문패,,하우사인,알리네 간판,,,,N,N,N,,,,http://shop1.phinf.naver.net/20210727_146/16273879466546BcF0_PNG/28523774453393222_1779813217.png,,,,2021-07-25 17:17:35,2021-07-28 12:31:23,
5742885084,hs253,스마트스토어,Y,스티커표찰 와이파이 화살표 우측통행 휠체어 손조심 안전,N,-,판매중,전시중,69993,4200,2000,2200원,,2000,2200원,,Y,N,N,,,,,1.0%,100,250,100,250,0,,,,조건부 무료,착불 또는 선결제,2750,2750,5500,N,Y,-,가구/인테리어,인테리어소품,디자인문패,,하우사인,알리네 간판,,,,N,N,N,,,,http://shop1.phinf.naver.net/20210727_178/1627388726494VY5aB_PNG/28524625203576863_761090102.png,,,,2021-07-25 17:17:35,2021-07-28 12:31:23,
5742885083,hs259,스마트스토어,Y,스티커표찰 영업중 영업시간 냉난방중 절전,N,-,판매중,전시중,79992,6500,2000,4500원,,2000,4500원,,Y,N,N,,,,,1.0%,100,250,100,250,0,,,,조건부 무료,착불 또는 선결제,2750,2750,5500,N,Y,-,가구/인테리어,인테리어소품,디자인문패,,하우사인,알리네 간판,,,,N,N,N,,,,http://shop1.phinf.naver.net/20210727_183/1627389927882xp167_PNG/28525755679133325_72586587.png,,,,2021-07-25 17:17:35,2021-07-28 12:31:23,
5742885081,hs2606,스마트스토어,Y,스티커표찰 순찰중 외출중 CCTV녹화중 관리책임자 문걸이,N,-,판매중,전시중,79992,7400,1500,5900원,,1500,5900원,,Y,N,N,,,,,1.0%,100,250,100,250,0,,,,조건부 무료,착불 또는 선결제,2750,2750,5500,N,Y,-,가구/인테리어,인테리어소품,디자인문패,,하우사인,알리네 간판,,,,N,N,N,,,,http://shop1.phinf.naver.net/20210727_134/1627391920446brUEY_PNG/28527755276979763_107436635.png,,,,2021-07-25 17:17:35,2021-07-28 12:31:23,
5742885080,hs245,스마트스토어,Y,스티커표찰 금연 금지 출입 반입 미성년 화기 사용 주차 표시판 포맥스 손대지마세요,N,-,판매중,전시중,279972,6500,2000,4500원,,2000,4500원,,Y,N,N,,,,,1.0%,100,250,100,250,0,,,,조건부 무료,착불 또는 선결제,2750,2750,5500,N,Y,-,가구/인테리어,인테리어소품,디자인문패,,하우사인,알리네 간판,,,,N,N,N,,,,http://shop1.phinf.naver.net/20210727_227/16273952051282bnrI_PNG/28531039940732558_1571152010.png,,,,2021-07-25 17:17:35,2021-07-28 12:31:23,
5742885079,hs1191,스마트스토어,Y,명찰 케이스 목걸이 사원증 신분증 가죽 직원 이름표,N,-,판매중,전시중,259974,67800,700,67100원,,700,67100원,,Y,N,N,,,,,1.0%,100,250,100,250,0,,,,조건부 무료,착불 또는 선결제,2750,2750,5500,N,Y,-,가구/인테리어,서재/사무용가구,사무/교구용가구,교구용가구/소품,하우사인,알리네 간판,,,,N,N,N,,,,http://shop1.phinf.naver.net/20210728_58/1627429384162n9Lpg_PNG/28565272861360658_1186149717.png,,,,2021-07-25 17:17:35,2021-07-28 12:31:23,
5742869603,hs-4328,스마트스토어,Y,현수막 회전깃대 배너,N,-,판매중,전시중,19998,16500,16500,,,16500,,,Y,Y,N,,,,,1.0%,100,250,100,250,0,,,,유료,선결제,4400,4400,8800,N,Y,-,생활/건강,문구/사무용품,사무용품,현수막,하우사인,알리네 간판,,,,N,N,N,,,,http://shop1.phinf.naver.net/20210725_73/1627200387287S2lr3_JPEG/17.jpg,,,,2021-07-25 17:07:41,2021-07-28 12:31:23,
5742869602,hs-3513,스마트스토어,Y,현수막 퀵배너,N,-,판매중,전시중,19998,96800,25300,71500원,,25300,71500원,,Y,Y,N,,,,,1.0%,100,250,100,250,0,,,,유료,선결제,4400,4400,8800,N,Y,-,생활/건강,문구/사무용품,사무용품,현수막,하우사인,알리네 간판,,,,N,N,N,,,,http://shop1.phinf.naver.net/20210728_120/1627430147885blMNh_PNG/28566036591517567_1647689195.png,,,,2021-07-25 17:07:41,2021-07-28 12:31:23,
5742869601,hs-4511,스마트스토어,Y,현수막 업다운배너,N,-,판매중,전시중,39996,96800,29700,67100원,,29700,67100원,,N,Y,N,,,,,1.0%,100,250,100,250,0,,,,유료,선결제,4400,4400,8800,N,Y,-,생활/건강,문구/사무용품,사무용품,현수막,하우사인,알리네 간판,,,,N,N,N,,,,http://shop1.phinf.naver.net/20210725_184/1627200388461RNpP3_JPEG/116.jpg,,,,2021-07-25 17:07:41,2021-07-28 12:31:23,
5742869600,hs-1268,스마트스토어,Y,현수막 스톰 배너,N,-,판매중,전시중,319968,41800,41800,,,41800,,,Y,Y,N,,,,,1.0%,100,250,100,250,0,,,,유료,선결제,4400,4400,8800,N,Y,-,생활/건강,문구/사무용품,사무용품,현수막,하우사인,알리네 간판,,,,N,N,N,,,,http://shop1.phinf.naver.net/20210725_30/1627200388131T42Mw_JPEG/108.jpg,,,,2021-07-25 17:07:41,2021-07-28 12:31:23,
5742869599,hs-4122,스마트스토어,Y,현수막 WIN 배너,N,-,판매중,전시중,59994,72600,33000,39600원,,33000,39600원,,Y,Y,N,,,,,1.0%,100,250,100,250,0,,,,유료,선결제,4400,4400,8800,N,Y,-,생활/건강,문구/사무용품,사무용품,현수막,하우사인,알리네 간판,,,,N,N,N,,,,http://shop1.phinf.naver.net/20210728_155/1627431175332t0RWh_PNG/28567009137673589_1020702630.png,,,,2021-07-25 17:07:41,2021-07-28 12:31:23,
5742869598,hs-1576,스마트스토어,Y,현수막 LVT 배너,N,-,판매중,전시중,59994,72600,36300,36300원,,36300,36300원,,Y,Y,N,,,,,1.0%,100,250,100,250,0,,,,유료,선결제,4400,4400,8800,N,Y,-,생활/건강,문구/사무용품,사무용품,현수막,하우사인,알리네 간판,,,,N,N,N,,,,http://shop1.phinf.naver.net/20210728_125/1627431527620yxR0O_PNG/28567370332279382_1906506088.png,,,,2021-07-25 17:07:41,2021-07-28 12:31:23,
5742869597,hs-455,스마트스토어,Y,펜꽂이,N,-,판매중,전시중,19998,43780,6500,37280원,,6500,37280원,,Y,N,N,,,,,1.0%,100,250,100,250,0,,,,조건부 무료,착불 또는 선결제,2750,2750,5500,N,Y,-,가구/인테리어,인테리어소품,디자인문패,,하우사인,알리네 간판,,,,N,N,N,,,,http://shop1.phinf.naver.net/20210728_242/1627432037832ufci5_PNG/28567865659123212_1727079064.png,,,,2021-07-25 17:07:41,2021-07-28 12:31:23,
5742869595,hs-452,스마트스토어,Y,테이블이젤 칠판스탠드 사인보드 가판대 스탠드 아크릴,N,-,판매중,전시중,149985,305800,4000,301800원,,4000,301800원,,Y,N,N,,,,,1.0%,100,250,100,250,0,,,,유료,선결제,4400,4400,8800,N,Y,-,가구/인테리어,인테리어소품,디자인문패,,하우사인,알리네 간판,,,,N,N,N,,,,http://shop1.phinf.naver.net/20210728_164/1627432989216euDB6_PNG/28568831926142371_1691793777.png,,,,2021-07-25 17:07:41,2021-07-28 12:31:23,
5742869593,hs-4296,스마트스토어,Y,칠판 자석 사인보드 화이트 블루 그린 핑크 가게인테리어,N,-,판매중,전시중,979902,459680,4400,455280원,,4400,455280원,,Y,Y,N,,,,,1.0%,100,250,100,250,0,,,,유료,선결제,4400,4400,8800,N,Y,-,가구/인테리어,인테리어소품,디자인문패,,하우사인,알리네 간판,,,,N,N,N,,,,http://shop1.phinf.naver.net/20210728_75/1627436138840Fm11V_PNG/28571918537870424_33945421.png,,,,2021-07-25 17:07:41,2021-07-28 12:31:23,
5742869592,hs-4263,스마트스토어,Y,칠판 사인보드 화이트 월간계획 사무실,N,-,판매중,전시중,39996,57860,10000,47860원,,10000,47860원,,Y,N,N,,,,,1.0%,100,250,100,250,0,,,,유료,선결제,4400,4400,8800,N,Y,-,가구/인테리어,인테리어소품,디자인문패,,하우사인,알리네 간판,,,,N,N,N,,,,http://shop1.phinf.naver.net/20210728_43/1627436436537Grqkc_PNG/28572216243676540_843053070.png,,,,2021-07-25 17:07:41,2021-07-28 12:31:23,
5742869591,hs-3799,스마트스토어,Y,네온LED보드 마커 칠판 사인보드 문패 가게인테리어,N,-,판매중,전시중,109989,385330,850,384480원,,850,384480원,,Y,N,N,,,,,1.0%,100,250,100,250,0,,,,유료,선결제,4400,4400,8800,N,Y,-,가구/인테리어,인테리어소품,디자인문패,,하우사인,알리네 간판,,,,N,N,N,,,,http://shop1.phinf.naver.net/20210728_260/16274371332721FuVm_PNG/28572975984521453_879874284.png,,,,2021-07-25 17:07:41,2021-07-28 12:31:23,
5742869590,hs-2489,스마트스토어,Y,주차중 차량 흡착 부착 케이스,N,-,판매중,전시중,29997,9240,1400,7840원,,1400,7840원,,Y,N,N,,,,,1.0%,100,250,100,250,0,,,,조건부 무료,착불 또는 선결제,2750,2750,5500,N,Y,-,가구/인테리어,인테리어소품,기타장식용품,,하우사인,알리네 간판,,,,N,N,N,,,,http://shop1.phinf.naver.net/20210728_258/16274375409014sHP5_PNG/28573368524765201_507585436.png,,,,2021-07-25 17:07:41,2021-07-28 12:31:23,
5742869589,hs-505,스마트스토어,Y,자석,N,-,판매중,전시중,9999,2420,2420,,,2420,,,N,N,N,,,,,1.0%,100,250,100,250,0,,,,조건부 무료,착불 또는 선결제,2750,2750,5500,N,Y,-,가구/인테리어,인테리어소품,기타장식용품,,하우사인,알리네 간판,,,,N,N,N,,,,http://shop1.phinf.naver.net/20210725_67/1627200389782Qkywi_JPEG/330.jpg,,,,2021-07-25 17:07:41,2021-07-28 12:31:23,
5742869588,hs-2875,스마트스토어,Y,입간판 에이보드,N,-,판매중,전시중,19998,110000,110000,,,110000,,,Y,Y,N,,,,,1.0%,100,250,100,250,0,,,,유료,선결제,4400,4400,8800,N,Y,-,가구/인테리어,인테리어소품,디자인문패,,하우사인,알리네 간판,,,,N,N,N,,,,http://shop1.phinf.naver.net/20210725_266/1627200389039YzbL3_GIF/207.gif,,,,2021-07-25 17:07:41,2021-07-28 12:31:23,
5742869587,hs-3692,스마트스토어,Y,입간판 야외가판대 주차금지 미끄럼주의,N,-,판매중,전시중,19998,16000,16000,,,16000,,,Y,N,N,,,,,1.0%,100,250,100,250,0,,,,유료,선결제,4400,4400,8800,N,Y,-,가구/인테리어,인테리어소품,디자인문패,,하우사인,알리네 간판,,,,N,N,N,,,,http://shop1.phinf.naver.net/20210728_53/1627437878538Kd6xr_PNG/28573706360061675_917684206.png,,,,2021-07-25 17:07:41,2021-07-28 12:31:23,
5742869586,hs-2152,스마트스토어,Y,입간판 야외가판대 인쇄주문제작,N,-,판매중,전시중,29997,130000,130000,,,130000,,,Y,Y,N,,,,,1.0%,100,250,100,250,0,,,,유료,선결제,4400,4400,8800,N,Y,-,가구/인테리어,인테리어소품,디자인문패,,하우사인,알리네 간판,,,,N,N,N,,,,http://shop1.phinf.naver.net/20210725_217/1627200389311G8qE2_JPEG/252.gif,,,,2021-07-25 17:07:41,2021-07-28 12:31:23,
5742869585,hs-1142,스마트스토어,Y,유리창 표찰,N,-,판매중,전시중,9999,6000,6000,,,6000,,,N,Y,N,,,,,1.0%,100,250,100,250,0,,,,조건부 무료,착불 또는 선결제,2750,2750,5500,N,Y,-,가구/인테리어,인테리어소품,기타장식용품,,하우사인,알리네 간판,,,,N,N,N,,,,http://shop1.phinf.naver.net/20210725_114/1627200387982Db2lg_JPEG/107.jpg,,,,2021-07-25 17:07:41,2021-07-28 12:31:23,
5742869584,hs-1610,스마트스토어,Y,열쇠고리 키홀더,N,-,판매중,전시중,69993,44550,1750,42800원,,1750,42800원,,Y,N,N,,,,,1.0%,100,250,100,250,0,,,,조건부 무료,착불 또는 선결제,2750,2750,5500,N,Y,-,가구/인테리어,서재/사무용가구,사무/교구용가구,교구용가구/소품,하우사인,알리네 간판,,,,N,N,N,,,,http://shop1.phinf.naver.net/20210728_90/1627438410034NcviS_PNG/28574237823686493_864351548.png,,,,2021-07-25 17:07:41,2021-07-28 12:31:23,
5742869583,hs-456,스마트스토어,Y,아크릴 정리함,N,-,판매중,전시중,49995,39160,5200,33960원,,5200,33960원,,Y,N,N,,,,,1.0%,100,250,100,250,0,,,,조건부 무료,착불 또는 선결제,2750,2750,5500,N,Y,-,가구/인테리어,인테리어소품,디자인문패,,하우사인,알리네 간판,,,,N,N,N,,,,http://shop1.phinf.naver.net/20210728_29/1627438845205UqBdp_PNG/28574733690816648_150830955.png,,,,2021-07-25 17:07:41,2021-07-28 12:31:23,
5742869582,hs-170,스마트스토어,Y,다양한 휴무 주차 표찰스티커 표시 안내판 부착 문패,N,-,판매중,전시중,59994,3010,3010,,,3010,,,Y,N,N,,,,,1.0%,100,250,100,250,0,,,,조건부 무료,착불 또는 선결제,2750,2750,5500,N,Y,-,가구/인테리어,인테리어소품,디자인문패,,하우사인,알리네 간판,,,,N,N,N,,,,http://shop1.phinf.naver.net/20210725_246/1627200393106pLJmQ_JPEG/502.jpg,,,,2021-07-25 17:07:41,2021-07-28 12:31:23,
5742869581,hs-2015,스마트스토어,Y,사무실 회의실 상담실 스티커표찰  부착,N,-,판매중,전시중,59994,3850,3150,700원,,3150,700원,,Y,N,N,,,,,1.0%,100,250,100,250,0,,,,조건부 무료,착불 또는 선결제,2750,2750,5500,N,Y,-,가구/인테리어,인테리어소품,디자인문패,,하우사인,알리네 간판,,,,N,N,N,,,,http://shop1.phinf.naver.net/20210728_272/1627439382031BYRaW_PNG/28575270737327415_197375432.png,,,,2021-07-25 17:07:41,2021-07-28 12:31:23,
5742869579,hs-252,스마트스토어,Y,다양한 도어사인 스티커표찰 미세요 당기세요 어서오세요 고정 출입 자동 폐문 안내,N,-,판매중,전시중,109989,1960,1960,,,1960,,,Y,N,N,,,,,1.0%,100,250,100,250,0,,,,조건부 무료,착불 또는 선결제,2750,2750,5500,N,Y,-,가구/인테리어,인테리어소품,디자인문패,,하우사인,알리네 간판,,,,N,N,N,,,,http://shop1.phinf.naver.net/20210728_54/16274402133233MD4T_JPEG/28576102037832685_1202252811.jpg,,,,2021-07-25 17:07:41,2021-07-28 12:31:23,
5742869578,hs-3004,스마트스토어,Y,다양한 다국어 스티커표찰 안내판 신발 화장실 금지 가격 청소,N,-,판매중,전시중,79992,3800,3800,,,3800,,,Y,N,N,,,,,1.0%,100,250,100,250,0,,,,조건부 무료,착불 또는 선결제,2750,2750,5500,N,Y,-,가구/인테리어,인테리어소품,디자인문패,,하우사인,알리네 간판,,,,N,N,N,,,,http://shop1.phinf.naver.net/20210725_142/16272003901772rwLO_JPEG/408.jpg,,,,2021-07-25 17:07:41,2021-07-28 12:31:23,
5742869577,hs-2612,스마트스토어,Y,스티커 아크릴표찰 화장실 남녀,N,-,판매중,전시중,19998,2240,2240,,,2240,,,Y,N,N,,,,,1.0%,100,250,100,250,0,,,,조건부 무료,착불 또는 선결제,2750,2750,5500,N,Y,-,가구/인테리어,인테리어소품,디자인문패,,하우사인,알리네 간판,,,,N,N,N,,,,http://shop1.phinf.naver.net/20210725_269/1627200391121cS3lE_JPEG/440.jpg,,,,2021-07-25 17:07:41,2021-07-28 12:31:23,
5742869576,hs-2122,스마트스토어,Y,스티커 도어사인 나무표찰 우드문패 화장실 미세요당기세요,N,-,판매중,전시중,109989,1750,1750,,,1750,,,Y,N,N,,,,,1.0%,100,250,100,250,0,,,,조건부 무료,착불 또는 선결제,2750,2750,5500,N,Y,-,가구/인테리어,인테리어소품,디자인문패,,하우사인,알리네 간판,,,,N,N,N,,,,http://shop1.phinf.naver.net/20210728_194/1627440783293sJfHQ_PNG/28576563012139026_127842119.png,,,,2021-07-25 17:07:41,2021-07-28 12:31:23,
5742869575,hs-2912,스마트스토어,Y,메모보드 가게 공지 이벤트 냉장고 부착,N,-,판매중,전시중,39996,11550,5250,6300원,,5250,6300원,,Y,Y,N,,,,,1.0%,100,250,100,250,0,,,,조건부 무료,착불 또는 선결제,2750,2750,5500,N,Y,-,가구/인테리어,서재/사무용가구,사무/교구용가구,교구용가구/소품,하우사인,알리네 간판,,,,N,N,N,,,,http://shop1.phinf.naver.net/20210725_109/16272003905394QGSs_JPEG/425.jpg,,,,2021-07-25 17:07:41,2021-07-28 12:31:23,
5742869574,hs-2483,스마트스토어,Y,멀티케이스 아크릴 소형스티커 액자,N,-,판매중,전시중,49995,3080,1750,1330원,,1750,1330원,,Y,N,N,,,,,1.0%,100,250,100,250,0,,,,조건부 무료,착불 또는 선결제,2750,2750,5500,N,Y,-,가구/인테리어,서재/사무용가구,사무/교구용가구,교구용가구/소품,하우사인,알리네 간판,,,,N,N,N,,,,http://shop1.phinf.naver.net/20210725_149/1627200393951IlLhO_JPEG/558.jpg,,,,2021-07-25 17:07:41,2021-07-28 12:31:23,
5742869573,hs-4315,스마트스토어,Y,담슈 담배 재떨이 공공시설,N,-,판매중,전시중,29997,169400,69000,100400원,,69000,100400원,,Y,N,N,,,,,1.0%,100,250,100,250,0,,,,유료,선결제,4400,4400,8800,N,Y,-,가구/인테리어,인테리어소품,기타장식용품,,하우사인,알리네 간판,,,,N,N,N,,,,http://shop1.phinf.naver.net/20210728_92/1627441348904Y7oWO_JPEG/28577128525971549_1605340280.jpg,,,,2021-07-25 17:07:41,2021-07-28 12:31:23,
5742869572,hs-2914,스마트스토어,Y,게시판 부동산 매매 공지 용지케이스 A4 A3 부착,N,-,판매중,전시중,9999,5250,5250,,,5250,,,N,N,N,,,,,1.0%,100,250,100,250,0,,,,조건부 무료,착불 또는 선결제,2750,2750,5500,N,Y,-,가구/인테리어,서재/사무용가구,사무/교구용가구,교구용가구/소품,하우사인,알리네 간판,,,,N,N,N,,,,http://shop1.phinf.naver.net/20210728_187/1627441462508yQiMu_JPEG/28577242235674162_570265608.jpg,,,,2021-07-25 17:07:41,2021-07-28 12:31:23,
5742869571,hs-293,스마트스토어,Y,건의함 사무실 마음의소리 익명의견,N,-,판매중,전시중,19998,36960,28800,8160원,,28800,8160원,,Y,N,N,,,,,1.0%,100,250,100,250,0,,,,조건부 무료,착불 또는 선결제,2750,2750,5500,N,Y,-,가구/인테리어,서재/사무용가구,사무/교구용가구,교구용가구/소품,하우사인,알리네 간판,,,,N,N,N,,,,http://shop1.phinf.naver.net/20210725_84/1627200393654px2Vb_JPEG/554.jpg,,,,2021-07-25 17:07:41,2021-07-28 12:31:23,
5742869570,hs-2843,스마트스토어,Y,가로등배너 길거리현수막,N,-,판매중,전시중,9999,317000,317000,,,317000,,,N,Y,N,,,,,1.0%,100,250,100,250,0,,,,유료,선결제,4400,4400,8800,N,Y,-,생활/건강,문구/사무용품,사무용품,현수막,하우사인,알리네 간판,,,,N,N,N,,,,http://shop1.phinf.naver.net/20210725_153/1627200388242hzWld_JPEG/109.jpg,,,,2021-07-25 17:07:41,2021-07-28 12:31:23,
5742868398,sh-5682,스마트스토어,Y,(삼화꺼)현수막 로고배너,N,-,판매중,전시중지,1469853,184700,84700,100000원,,84700,100000원,,Y,Y,N,,,,,1.0%,100,250,100,250,0,,,,유료,선결제,5000,6000,6600,N,Y,-,생활/건강,문구/사무용품,사무용품,현수막,삼화몰,알리네 간판,,,,N,N,N,,,,http://shop1.phinf.naver.net/20210725_50/1627200075447UGjAa_JPEG/401.jpg,,,2021-07-25 17:06:05,2021-07-25 17:06:01,2021-07-28 12:26:40,
5742867465,sh-5633,스마트스토어,Y,벨트차단봉 벽걸이 일반 오픈 중첩 안전잠금 실속 베이스,N,-,판매중,전시중지,2159784,119900,58300,61600원,,58300,61600원,,Y,N,N,,,,,1.0%,100,250,100,250,0,,,,유료,선결제,5000,6000,6600,N,Y,-,가구/인테리어,인테리어소품,기타장식용품,,삼화몰,알리네 간판,,,,N,N,N,,,,http://shop1.phinf.naver.net/20210725_228/1627200074802uYDtW_GIF/176.gif,,,,2021-07-25 17:05:02,2021-07-28 12:26:40,
5742865320,sh-5949,스마트스토어,Y,현수막 족자봉배너,N,-,판매중,전시중지,59994,162800,162800,,,162800,,,Y,Y,N,,,,,1.0%,100,250,100,250,0,,,,유료,선결제,5000,6000,6600,N,Y,-,생활/건강,문구/사무용품,사무용품,현수막,삼화몰,알리네 간판,,,,N,N,N,,,,http://shop1.phinf.naver.net/20210725_253/1627200074633glIju_JPEG/142.jpg,,,2021-07-25 17:03:23,2021-07-25 17:03:16,2021-07-28 12:26:40,
5742865319,sh-5921,스마트스토어,Y,음료보관 거치대,N,-,판매중,전시중지,39996,326700,49500,277200원,,49500,277200원,,Y,N,N,,,,,1.0%,100,250,100,250,0,,,,유료,선결제,5000,6000,6600,N,Y,-,가구/인테리어,인테리어소품,기타장식용품,,삼화몰,알리네 간판,,,,N,N,N,,,,http://shop1.phinf.naver.net/20210725_244/16272000710869pxdG_JPEG/2.jpg,,,2021-07-25 17:03:24,2021-07-25 17:03:16,2021-07-28 12:26:40,
5742865318,sh-2490,스마트스토어,Y,벨트차단봉 안내액자 포함 일반 오픈 중첩 안전잠금 실속,N,-,판매중,전시중지,39996,29700,29700,,,29700,,,Y,N,N,,,,,1.0%,100,250,100,250,0,,,,유료,선결제,5000,6000,6600,N,Y,-,가구/인테리어,인테리어소품,기타장식용품,,삼화몰,알리네 간판,,,,N,N,N,,,,http://shop1.phinf.naver.net/20210725_14/162720007189078hPv_GIF/29.gif,,,2021-07-25 17:03:24,2021-07-25 17:03:16,2021-07-28 12:26:40,
5742863449,sh-580,스마트스토어,Y,벨트차단봉 벽걸이 일반 오픈 중첩 안전잠금 실속 적청흑황회,N,-,판매중,전시중지,69993,968000,90800,877200원,,90800,877200원,,Y,N,N,,,,,1.0%,100,250,100,250,0,,,,유료,선결제,5010,6000,6600,N,Y,-,가구/인테리어,인테리어소품,기타장식용품,,삼화몰,알리네 간판,,,,N,N,N,,,,http://shop1.phinf.naver.net/20210725_25/1627200073242vRdmw_GIF/35.gif,,,,2021-07-25 17:01:23,2021-07-28 12:26:40,
5742862282,sc-00025532,스마트스토어,Y,회전간판 커피잔 조명 포인트 가게 인테리어,N,-,판매중,전시중,19998,385000,385000,,,385000,,,Y,Y,N,,,,,1.0%,100,250,100,250,0,,,,유료,착불,60000,6000,6600,N,Y,-,가구/인테리어,인테리어소품,디자인문패,,사인코디,알리네 간판,,,,N,N,N,,,,http://shop1.phinf.naver.net/20210725_115/1627199620583wahO8_JPEG/84.jpg,,,,2021-07-25 16:59:50,2021-07-28 12:31:23,
5742862281,sc-00025229,스마트스토어,Y,현수막 실내외 물통배너 맞춤제작,N,-,판매중,전시중,99990,113800,9500,104300원,,9500,104300원,,Y,Y,N,,,,,1.0%,100,250,100,250,0,,,,조건부 무료,착불 또는 선결제,2750,2750,5500,N,Y,-,생활/건강,문구/사무용품,사무용품,현수막,사인코디,알리네 간판,,,,N,N,N,,,,http://shop1.phinf.naver.net/20210725_169/1627199620384JdaU7_JPEG/43.jpg,,,2021-07-25 16:59:56,2021-07-25 16:59:50,2021-07-28 12:31:23,
5742862280,sc-00025529,스마트스토어,Y,큐브간판 회전간판 사각조명 주문제작,N,-,판매중,전시중,19998,330000,330000,,,330000,,,Y,Y,N,,,,,1.0%,100,250,100,250,0,,,,유료,착불,60000,6000,6600,N,Y,-,가구/인테리어,인테리어소품,디자인문패,,사인코디,알리네 간판,,,,N,N,N,,,,http://shop1.phinf.naver.net/20210725_16/1627199621344romiD_JPEG/111.jpg,,,2021-07-25 16:59:58,2021-07-25 16:59:50,2021-07-28 12:31:23,
5742862279,sc-00025414,스마트스토어,Y,LED형광등 직관램프,N,-,판매중,전시중,19998,117920,2500,115420원,,2500,115420원,,Y,N,N,,,,,1.0%,100,250,100,250,0,,,,조건부 무료,착불 또는 선결제,2750,2750,5500,N,Y,-,가구/인테리어,인테리어소품,조명,인테리어조명,사인코디,알리네 간판,,,,N,N,N,,,,http://shop1.phinf.naver.net/20210725_23/1627199620735RTBJP_JPEG/90.jpg,,,2021-07-25 16:59:56,2021-07-25 16:59:50,2021-07-28 12:31:23,
5731013039,,스마트스토어,Y,현대칼라시트지 HS 일반용 1롤,N,-,판매중,전시중,529947,360000,120000,240000원,,120000,240000원,,Y,N,N,,,,,1.0%,0,0,0,0,0,,,,유료,선결제,4400,3300,6600,N,Y,-,가구/인테리어,인테리어소품,디자인문패,,사인코디,알리네 간판,,,,N,N,N,,,,http://shop1.phinf.naver.net/20210720_109/1626744547092It5rK_JPEG/107.jpg,,,,2021-07-20 10:48:56,2021-07-22 11:54:27,
5731013038,,스마트스토어,Y,현대칼라시트지 HL 조명용 1롤,N,-,판매중,전시중,419958,600000,200000,400000원,,200000,400000원,,Y,N,N,,,,,1.0%,0,0,0,0,0,,,,유료,선결제,2750,3300,6600,N,Y,-,가구/인테리어,DIY자재/용품,시트지,단색시트지,사인코디,알리네 간판,,,,N,N,N,,,,http://shop1.phinf.naver.net/20210720_215/1626744546914uETKY_JPEG/106.jpg,,,,2021-07-20 10:48:56,2021-07-22 12:17:06,
5731013037,,스마트스토어,Y,현대칼라시트지 AD 옥외용 1롤,N,-,판매중,전시중,229977,345000,115000,230000원,,115000,230000원,,Y,N,N,,,,,1.0%,0,0,0,0,0,,,,유료,선결제,4400,4400,8800,N,Y,-,가구/인테리어,DIY자재/용품,시트지,단색시트지,사인코디,알리네 간판,,,,N,N,N,,,,http://shop1.phinf.naver.net/20210720_109/16267445467715w7LP_JPEG/105.jpg,,,,2021-07-20 10:48:56,2021-07-22 12:17:06,
5731013036,,스마트스토어,Y,현대엠보시트지 122폭 1롤,N,-,판매중,전시중,9999,369600,123200,246400원,,123200,246400원,,N,N,N,,,,,1.0%,0,0,0,0,0,,,,유료,선결제,4400,4400,8800,N,Y,-,가구/인테리어,DIY자재/용품,시트지,단색시트지,사인코디,알리네 간판,,,,N,N,N,,,,http://shop1.phinf.naver.net/20210720_176/1626744546521Yp3XV_JPEG/104.jpg,,,,2021-07-20 10:48:56,2021-07-22 12:17:06,
5731013035,,스마트스토어,Y,현대엠보시트지 100폭 1롤,N,-,판매중,전시중,9999,330000,110000,220000원,,110000,220000원,,N,N,N,,,,,1.0%,0,0,0,0,0,,,,유료,선결제,4400,4400,8800,N,Y,-,가구/인테리어,DIY자재/용품,시트지,단색시트지,사인코디,알리네 간판,,,,N,N,N,,,,http://shop1.phinf.naver.net/20210720_197/1626744546255F5kKA_JPEG/103.jpg,,,,2021-07-20 10:48:56,2021-07-22 12:17:06,
5731013034,,스마트스토어,Y,현대보조시트지 1롤,N,-,판매중,전시중,9999,297000,99000,198000원,,99000,198000원,,N,N,N,,,,,1.0%,0,0,0,0,0,,,,유료,선결제,4400,4400,8800,N,Y,-,가구/인테리어,DIY자재/용품,시트지,단색시트지,사인코디,알리네 간판,,,,N,N,N,,,,http://shop1.phinf.naver.net/20210720_238/162674454611214LeO_JPEG/102.jpg,,,,2021-07-20 10:48:56,2021-07-22 12:17:06,
5731013033,,스마트스토어,Y,현대메탈시트지 1롤,N,-,판매중,전시중,49995,495000,170000,325000원,,170000,325000원,,Y,N,N,,,,,1.0%,0,0,0,0,0,,,,유료,착불 또는 선결제,4400,4400,8800,N,Y,-,가구/인테리어,DIY자재/용품,시트지,단색시트지,사인코디,알리네 간판,,,,N,N,N,,,,http://shop1.phinf.naver.net/20210720_227/1626744545923cCpEl_JPEG/101.jpg,,,,2021-07-20 10:48:56,2021-07-22 12:17:06,
5731013024,,스마트스토어,Y,플라잉배너F 물통형 스파이크형 크로스베이스형 사각베이스 윈드배너 깃발 자이언트베너,N,-,판매중,전시중,17500,280000,34100,245900원,,34100,245900원,,Y,N,N,,,,,1.0%,0,0,0,0,0,,,,유료,착불 또는 선결제,3300,3300,6600,N,Y,-,가구/인테리어,인테리어소품,디자인문패,,사인코디,알리네 간판,,,,N,N,N,,,,http://shop1.phinf.naver.net/20210720_253/1626744544245s8pUt_JPEG/92.jpg,,,,2021-07-20 10:48:55,2021-07-23 17:41:28,
5731013015,,스마트스토어,Y,칼라피스(백색/적색/청색/흑색),N,-,판매중,전시중,39996,49500,18500,31000원,,18500,31000원,,Y,N,N,,,,,1.0%,0,0,0,0,0,,,,유료,선결제,2750,3300,6600,N,Y,-,가구/인테리어,DIY자재/용품,접착제/보수용품,,사인코디,알리네 간판,,,,N,N,N,,,,http://shop1.phinf.naver.net/20210720_193/1626744541380nMNxc_JPEG/80.jpg,,,,2021-07-20 10:48:55,2021-07-23 17:53:18,
5717750730,,스마트스토어,Y,"LED루미사인 부속 모음 ( 연장선,와이어걸이,전원스위치 )",N,-,판매중,전시중,1300,3000,3000,,,3000,,,Y,N,N,,,,,1.0%,0,0,0,0,0,,,기본 배송비 묶음그룹,조건부 무료,선결제,2750,3300,6600,N,Y,-,가구/인테리어,DIY자재/용품,가구부속품,기타가구부속품,,알리네 간판,,,,N,N,N,,,,http://shop1.phinf.naver.net/20210714_178/1626232013556qRBqy_JPEG/27367848389648788_122214527.jpg,,,,2021-07-14 12:07:24,2021-07-14 12:13:40,
5704221878,3DB_MAX,스마트스토어,Y,LED 최대 사이즈 모음 ( 사이즈 조정 필요 ),N,-,판매중,전시중,2600,160000,160000,,,160000,,,Y,Y,N,,,,,1.0%,100,500,100,500,0,,,,유료,선결제,2750,3300,6600,N,Y,-,가구/인테리어,인테리어소품,디자인문패,,동성플러스,알리네 간판,,,,N,N,Y,,,,http://shop1.phinf.naver.net/20210709_220/1625802964592f1trH_JPEG/26938860325874424_1984890136.jpg,,,,2021-07-09 09:01:53,2021-07-12 13:59:57,
5691917350,3DB_0013,스마트스토어,Y,LED영업중 오픈사인 조명간판 아크릴채널 캠핑포인트문패 개업선물,N,-,판매중,전시중,99,99000,89000,10000원,,89000,10000원,,N,Y,N,,,,,1.0%,100,500,100,500,0,,,,유료,선결제,2750,3300,6600,N,Y,-,가구/인테리어,인테리어소품,디자인문패,,동성플러스,알리네 간판,,,,N,N,Y,,,,http://shop1.phinf.naver.net/20200811_163/15971307592531KYIR_JPEG/34491497885670405_1226569840.jpg,,,,2021-07-04 00:31:25,2021-07-15 08:39:30,
5688594406,,스마트스토어,Y,베이커리 이쁜보조간판 LED 조명 빵집 빵나오는 시간,N,-,판매중,전시중,29997,92000,92000,,,92000,,,N,Y,N,,,,,1.0%,100,500,100,500,0,,,,조건부 무료,착불 또는 선결제,2750,3300,6600,N,Y,-,가구/인테리어,인테리어소품,디자인문패,,동성플러스,알리네 간판,,,,N,N,Y,,,,http://shop1.phinf.naver.net/20210702_201/1625214824426oyWsD_JPEG/26350670146612152_1189946244.jpg,,,,2021-07-02 14:29:49,2021-07-14 09:10:23,
5688592256,,스마트스토어,Y,24시 영업중 오픈 잘보이는 적색 LED 개업선물 영업재개 코로나 창문간판,N,-,판매중,전시중,29997,79000,71000,8000원,,71000,8000원,,N,Y,N,,,,,1.0%,100,500,100,500,0,,,,조건부 무료,착불 또는 선결제,2750,3300,6600,N,Y,-,가구/인테리어,인테리어소품,디자인문패,,동성플러스,알리네 간판,,,,N,N,Y,,,,http://shop1.phinf.naver.net/20210702_224/1625213066585hkkfT_JPEG/26348955293779421_1838919377.jpg,,,,2021-07-02 14:29:23,2021-08-02 17:07:35,
5687991038,,스마트스토어,Y,영문스카시세트 3t 카페 흡연 창고 벽면 포인트 아크릴 이쁜 이니셜인테리어 캘리그라피,N,-,판매중,전시중,168000,150000,8000,142000원,,8000,142000원,,Y,Y,N,,,,,1.0%,0,0,0,0,0,,,기본 배송비 묶음그룹,유료,선결제,2750,3300,6600,N,Y,-,가구/인테리어,인테리어소품,디자인문패,,동성플러스,알리네 간판,,,,N,N,N,,,,http://shop1.phinf.naver.net/20210702_232/1625194834505Ugzw8_JPEG/26330679812094343_1298772847.jpg,,,,2021-07-02 11:11:44,2021-07-14 11:52:49,
5685709248,,스마트스토어,Y,( 작업중 ) 고무 스카시 주문 제작,N,-,판매중,전시중지,7500,1000,1000,,,1000,,,Y,N,N,,,,,1.0%,0,0,0,0,0,,,,유료,선결제,3300,3300,6600,N,Y,-,가구/인테리어,인테리어소품,디자인문패,,,,,,,N,N,N,,,,http://shop1.phinf.naver.net/20210701_262/1625111347306jciSx_JPEG/26247131022467963_426188962.jpg,,,,2021-07-01 12:51:56,2021-07-05 14:19:08,
5678915479,,스마트스토어,Y,정사각형 부식 간판 현판 비조명 조명,N,-,판매중,전시중,4028,400000,200000,200000원,,200000,200000원,,Y,Y,N,,,,,1.0%,100,500,100,500,0,,,,유료,선결제,3300,3300,6600,N,Y,-,생활/건강,문구/사무용품,사무용품,명패,동성플러스,알리네 간판,,,,N,N,N,,,,http://shop1.phinf.naver.net/20210628_195/1624869274883xhAHJ_JPEG/26005108697425150_206803997.jpg,,,,2021-06-28 17:46:42,2021-07-07 13:32:17,
5675865002,3DB_0001,스마트스토어,Y,OPEN 네온LED 영업중 조명사인 대문자형,N,-,판매중,전시중,1111,89000,69000,20000원,,69000,20000원,,N,Y,N,,,,,1.0%,100,500,100,500,0,,,,유료,선결제,2750,3300,6600,N,Y,-,가구/인테리어,인테리어소품,디자인문패,,동성플러스,알리네 간판,,,,N,N,N,,,,http://shop1.phinf.naver.net/20210504_268/16200872690970jLW7_JPEG/21223111809082375_427801112.jpg,,,,2021-06-26 22:18:37,2021-07-05 14:19:08,
5673380283,,스마트스토어,Y,한글스카시세트 3t 카페 흡연 창고 벽면 포인트 아크릴 이쁜 이니셜인테리어 캘리그라피,N,-,판매중,전시중,168000,150000,8000,142000원,,8000,142000원,,Y,Y,N,,,,,1.0%,0,0,0,0,0,,,기본 배송비 묶음그룹,유료,선결제,2750,3300,6600,N,Y,-,가구/인테리어,인테리어소품,디자인문패,,동성플러스,알리네 간판,,,,N,N,N,,,,http://shop1.phinf.naver.net/20210625_87/1624604248445dnOzS_JPEG/25740137049510068_889883005.jpg,,,,2021-06-25 15:58:14,2021-07-05 14:19:08,
5667517742,,스마트스토어,Y,영문표찰스카시 3t 카페 흡연 창고 벽면 포인트 아크릴 이쁜 이니셜인테리어 캘리그라피,N,-,판매중,전시중,126000,150000,6000,144000원,,6000,144000원,,Y,Y,N,,,,,1.0%,0,0,0,0,0,,,기본 배송비 묶음그룹,유료,선결제,2750,3300,6600,N,Y,-,가구/인테리어,인테리어소품,디자인문패,,동성플러스,알리네 간판,,,,N,N,N,,,,http://shop1.phinf.naver.net/20210623_262/1624410887916OaxJc_JPEG/25546730575042227_1033312407.jpg,,,,2021-06-23 10:15:10,2021-07-14 11:53:56,
5665298879,,스마트스토어,Y,한글표찰스카시 3t 카페 흡연 창고 벽면 포인트 아크릴 이쁜 이니셜인테리어 캘리그라피,N,-,판매중,전시중,126000,12000,6000,6000원,,6000,6000원,,Y,Y,N,,,,,1.0%,0,0,0,0,0,,,기본 배송비 묶음그룹,유료,선결제,2750,3300,6600,N,Y,-,가구/인테리어,인테리어소품,디자인문패,,동성플러스,알리네 간판,,,,N,N,N,,,,http://shop1.phinf.naver.net/20210622_27/1624322963828EHXK3_JPEG/25458862472956118_525967686.jpg,,,,2021-06-22 11:05:28,2021-07-05 14:19:08,
5656232947,,스마트스토어,Y,가게표찰스카시 3t 카페 흡연 창고 벽면 포인트 아크릴 이쁜 이니셜인테리어 캘리그라피,N,-,판매중,전시중,90000,5000,5000,,,5000,,,Y,N,N,,,,,1.0%,0,0,0,0,0,,,기본 배송비 묶음그룹,유료,선결제,2750,3300,6600,N,Y,-,가구/인테리어,인테리어소품,디자인문패,,동성플러스,알리네 간판,,,,N,N,N,,,,http://shop1.phinf.naver.net/20210621_132/1624249360386A1iW0_JPEG/25385195167018302_1246587296.jpg,,,,2021-06-17 15:13:35,2021-07-05 14:19:08,
5642224090,,스마트스토어,Y,OPEN 오픈 영업중간판 LED아크릴채널 캠핑포인트문패 나래바네온사인 개업선물,N,-,판매중,전시중지,29997,99000,69000,30000원,,69000,30000원,,Y,Y,N,,,,,1.0%,100,500,100,500,0,,,,조건부 무료,착불 또는 선결제,2750,3300,6600,N,Y,-,가구/인테리어,인테리어소품,디자인문패,,동성플러스,알리네 간판,,,,N,N,Y,,,,http://shop1.phinf.naver.net/20210704_249/1625372601724wghHQ_PNG/26508444425351890_133990224.png,,,,2021-06-10 22:37:21,2021-07-05 14:19:08,
5640920624,,스마트스토어,Y,( 테스트 ) 루미사인 주문 제작,N,-,판매중,전시중지,1111,25000,1200,23800원,,1200,23800원,,Y,N,N,,,,,1.0%,100,500,100,500,0,,,,조건부 무료,선결제,2750,3300,6600,N,Y,-,가구/인테리어,인테리어소품,디자인문패,,동성플러스,알리네 간판,,,,N,Y,N,,,,http://shop1.phinf.naver.net/20210610_129/16232873401340aHsQ_JPEG/24423228713725233_579318657.jpg,,,,2021-06-10 13:17:44,2021-07-05 14:19:08,
5640636824,,스마트스토어,Y,( 이미지만 ) 루미사인 주문 제작,N,-,판매중,전시중지,1111,25000,1200,23800원,,1200,23800원,,Y,N,N,,,,,1.0%,100,500,100,500,0,,,,조건부 무료,선결제,2750,3300,6600,N,Y,-,가구/인테리어,인테리어소품,디자인문패,,동성플러스,알리네 간판,,,,N,Y,N,,,,http://shop1.phinf.naver.net/20210610_129/16232873401340aHsQ_JPEG/24423228713725233_579318657.jpg,,,,2021-06-10 10:20:32,2021-07-05 14:19:08,
5639493658,AD3,스마트스토어,Y,아크릴 도어사인 3t 아파트호실 객실표찰,N,-,판매중,전시중,17979,3500,3500,,,3500,,,Y,Y,N,,,,,1.0%,0,0,0,0,0,,,기본 배송비 묶음그룹,유료,선결제,2750,3300,6600,N,Y,-,가구/인테리어,인테리어소품,디자인문패,,동성플러스,알리네 간판,,,,N,N,N,,,,http://shop1.phinf.naver.net/20210609_253/1623227653161WYI3O_JPEG/24363480853383942_1226921492.jpg,,,,2021-06-09 17:34:27,2021-07-05 14:19:08,
5629075950,,스마트스토어,Y,( 이미지만 ) 3/5T 아크릴스카시 한/영/중/일 접착식 재단 미러광택 소량주문가능,N,-,판매중,전시중지,1111,25000,1200,23800원,,1200,23800원,,Y,N,N,,,,,1.0%,0,0,0,0,0,,,,조건부 무료,선결제,2750,3300,6600,N,Y,-,가구/인테리어,인테리어소품,디자인문패,,동성플러스,알리네 간판,,,,N,Y,N,,,,http://shop1.phinf.naver.net/20210429_82/1619668924655Bs2wa_JPEG/20804758356986467_556098027.jpg,,,,2021-06-04 12:41:26,2021-07-05 14:19:08,
5626538470,AT3,스마트스토어,Y,화장실 픽토그램 화장실표찰 아크릴 스카시 3T,N,-,판매중,전시중,15958,3500,3500,,,3500,,,Y,N,N,,,,,1.0%,100,500,100,500,100,,,기본 배송비 묶음그룹,유료,선결제,2750,3300,6600,N,Y,-,가구/인테리어,인테리어소품,디자인문패,,동성플러스,알리네 간판,,,,N,N,N,,,,http://shop1.phinf.naver.net/20210617_291/1623910056531Y5CGL_PNG/25045955038534437_1473769962.png,,,,2021-06-03 13:33:24,2021-07-08 11:53:22,
5623611075,3DB_0021,스마트스토어,Y,Take out 두줄형,N,-,판매중,전시중,86,59000,59000,,,59000,,,N,Y,N,,,,,1.0%,100,500,100,500,0,,,,유료,선결제,2750,3300,6600,N,Y,-,가구/인테리어,인테리어소품,디자인문패,,동성플러스,알리네 간판,,,,N,N,N,,,,http://shop1.phinf.naver.net/20210602_79/1622601120483ASEFv_JPEG/23736966199010766_1337899057.jpg,,,,2021-06-02 11:32:55,2021-07-15 08:33:38,
5623591065,3DB_0019,스마트스토어,Y,BEER LOGO,N,-,판매중,전시중,84,89000,89000,,,89000,,,N,Y,N,,,,,1.0%,100,500,100,500,0,,,,유료,선결제,2750,3300,6600,N,Y,-,가구/인테리어,인테리어소품,디자인문패,,동성플러스,알리네 간판,,,,N,N,N,,,,http://shop1.phinf.naver.net/20210602_266/16226005771590Gk4z_JPEG/23736422876210554_80304143.jpg,,,,2021-06-02 11:24:52,2021-07-05 14:19:08,
5623478345,3DB_0010,스마트스토어,Y,COFFEE SHOP,N,-,판매중,전시중,86,129000,129000,,,129000,,,N,Y,N,,,,,1.0%,100,500,100,500,0,,,,유료,선결제,2750,3300,6600,N,Y,-,가구/인테리어,인테리어소품,디자인문패,,동성플러스,알리네 간판,,,,N,N,N,,,,http://shop1.phinf.naver.net/20200409_147/15864076039617qpBm_JPEG/23770992155774970_272480545.jpg,,,,2021-06-02 10:42:19,2021-07-05 14:19:08,
5623464128,3DB_0003,스마트스토어,Y,CAFE LOGO,N,-,판매중,전시중,84,110000,110000,,,110000,,,N,Y,N,,,,,1.0%,100,500,100,500,0,,,,유료,선결제,2750,3300,6600,N,Y,-,가구/인테리어,인테리어소품,디자인문패,,동성플러스,알리네 간판,,,,N,N,N,,,,http://shop1.phinf.naver.net/20210602_89/1622597533018JnEdJ_JPEG/23733366818926478_58268412.jpg,,,,2021-06-02 10:35:32,2021-07-15 08:35:11,
5564793088,3DB_0001,스마트스토어,Y,OPEN 네온LED 영업중 조명사인 대문자형,N,-,판매중,전시중지,1111,89000,69000,20000원,,69000,20000원,,N,Y,N,,,,,1.0%,100,500,100,500,0,,,,유료,선결제,2750,3300,6600,N,Y,-,가구/인테리어,인테리어소품,디자인문패,,동성플러스,알리네 간판,,,,N,N,N,,,,http://shop1.phinf.naver.net/20210504_268/16200872690970jLW7_JPEG/21223111809082375_427801112.jpg,,,,2021-05-04 09:36:11,2021-07-05 14:19:08,
5554114837,,스마트스토어,Y,(자동시안/견적) 3/5T 아크릴스카시 한/영/중/일 접착식 재단 미러광택 소량주문가능,N,-,판매중,전시중,1111,25000,1200,23800원,,1200,23800원,,Y,N,N,,,,,1.0%,0,0,0,0,0,,,,유료,선결제,2750,3300,6600,N,Y,-,가구/인테리어,인테리어소품,디자인문패,,동성플러스,알리네 간판,,,,N,Y,N,,,,http://shop1.phinf.naver.net/20210429_82/1619668924655Bs2wa_JPEG/20804758356986467_556098027.jpg,,,,2021-04-28 22:32:30,2021-07-05 14:19:08,
5553060258,,스마트스토어,Y,"변경 ( 일반형 ) DIY 철제간판 , 도색간판",N,-,판매중,전시중지,72900,35000,35000,,,35000,,,Y,N,N,,,,,1.0%,0,0,0,0,0,,,,무료,,0,3300,6600,N,Y,-,가구/인테리어,인테리어소품,디자인문패,,동성플러스,알리네 간판,,,,N,Y,N,,,,http://shop1.phinf.naver.net/20210415_92/1618473928534UYbAm_JPEG/19609707994484506_77528682.jpg,,,,2021-04-28 14:37:31,2021-07-05 14:19:08,
5543209252,3DB_0015,스마트스토어,Y,야자수 그린/브라운 네온조명 루미사인 게스트하우스 숙박업 썸머비치 서핑존 해변 식물LED,N,-,판매중,전시중,1110,79000,79000,,,79000,,,N,Y,N,,,,,1.0%,100,500,100,500,0,,,,유료,선결제,2750,3300,6600,N,Y,-,가구/인테리어,인테리어소품,디자인문패,,동성플러스,알리네 간판,,,,N,N,N,,,,http://shop1.phinf.naver.net/20210423_2/1619152070861otrzc_JPEG/20287905339625705_1851135644.jpg,,,,2021-04-23 13:29:34,2021-07-05 14:19:08,
5543184233,3DB_0005,스마트스토어,Y,꽃길만걸어요 레드/핑크 네온광원 와인바 포토존 레터링조명 벤치조명 스팟 무드풍경 복도등,N,-,판매중,전시중,1108,119000,119000,,,119000,,,N,Y,N,,,,,1.0%,100,500,100,500,0,,,,유료,선결제,2750,3300,6600,N,Y,-,가구/인테리어,인테리어소품,디자인문패,,동성플러스,알리네 간판,,,,N,N,N,,,,http://shop1.phinf.naver.net/20210423_194/1619151185379jxTEV_JPEG/20286965100412389_868760174.jpg,,,,2021-04-23 13:18:35,2021-07-05 14:19:08,
5541325255,3DB_0008,스마트스토어,Y,누들 블루네온사인 라멘 면전문점 칼국수 우동 편의점 야외전시 LED미니조명 걸이형 벽등,N,-,판매중,전시중,1110,69000,69000,,,69000,,,N,Y,N,,,,,1.0%,100,500,100,500,0,,,,유료,선결제,2750,3300,6600,N,Y,-,가구/인테리어,인테리어소품,디자인문패,,동성플러스,알리네 간판,,,,N,N,N,,,,http://shop1.phinf.naver.net/20210422_112/1619076101805PDYXf_JPEG/20211881497139970_1987939466.jpg,,,,2021-04-22 16:48:48,2021-07-05 14:19:08,
5526918158,,스마트스토어,Y,"( 일반형 ) DIY 철제간판 , 도색간판",N,-,판매중,전시중,405000,65000,35000,30000원,,35000,30000원,,Y,N,N,,,,,1.0%,0,0,0,0,0,,,,무료,,0,3300,6600,N,Y,-,가구/인테리어,인테리어소품,디자인문패,,동성플러스,알리네 간판,,,,N,Y,N,,,,http://shop1.phinf.naver.net/20210415_92/1618473928534UYbAm_JPEG/19609707994484506_77528682.jpg,,,,2021-04-15 17:08:54,2021-07-30 13:36:36,
5519456740,,스마트스토어,Y,"( 밑줄형 ) DIY 철제간판 , 도색간판",N,-,판매중,전시중,72819,1000,1000,,,1000,,,N,N,N,,,,,1.0%,0,0,0,0,0,,,,조건부 무료,선결제,2750,3300,6600,N,Y,-,가구/인테리어,인테리어소품,디자인문패,,동성플러스,알리네 간판,,,,N,Y,N,,,,http://shop1.phinf.naver.net/20210412_140/1618211407482IACRm_PNG/19347242194962448_1636548814.png,,,,2021-04-12 17:24:39,2021-07-22 11:42:11,
5252296282,3DB_0020,스마트스토어,Y,방문포장 테이크아웃 TAKEOUT 식당 카페 LED조명 루미사인,N,-,판매중,전시중,97,189000,189000,,,189000,,,N,Y,N,,,,,1.0%,100,500,100,500,0,,,,유료,선결제,2750,3300,6600,N,Y,-,가구/인테리어,인테리어소품,디자인문패,,동성플러스,알리네 간판,,,,N,N,N,,,,http://shop1.phinf.naver.net/20201202_31/1606896521781frUJK_JPEG/8032364491906479_1245370839.jpg,,,,2020-12-02 17:26:33,2021-06-28 18:35:39,
5237576830,3DB_0021/3DB_0020/3DB_0014,스마트스토어,Y,TAKEOUT 네온 이니셜간판 화이트 레드 테이크아웃 카페 식당 치킨 방문포장 LED조명,N,-,판매중,전시중,352,261000,59000,202000원,,59000,202000원,,Y,Y,N,,,,,1.0%,100,500,100,500,0,,,,유료,선결제,2750,3300,6600,N,Y,-,가구/인테리어,인테리어소품,디자인문패,,동성플러스,알리네 간판,,,,N,N,N,,,,http://shop1.phinf.naver.net/20210610_69/16233000418321vMAa_PNG/24435937515498644_1230344043.png,,,,2020-11-25 10:26:43,2021-06-28 18:35:39,
5236037509,3DB_0014,스마트스토어,Y,테이크아웃간판 TAKEOUT LED간판,N,-,판매중,전시중,193,69000,69000,,,69000,,,Y,Y,N,,,,,1.0%,100,500,100,500,0,,,,유료,선결제,2750,3300,6600,N,Y,-,가구/인테리어,인테리어소품,디자인문패,,동성플러스,알리네 간판,,,,N,N,N,,,,http://shop1.phinf.naver.net/20201124_155/160619801733503MaF_JPEG/7333797038288941_1078100510.jpg,,,,2020-11-24 15:59:06,2021-07-15 08:32:21,
5229304479,3DB_0016/3DB_0019,스마트스토어,Y,맥주잔 수제맥주 BEER 네온문자 루미사인 주점 창문조명 LED야광 BAR 치킨집 개업,N,-,판매중,전시중,599,122000,89000,33000원,,89000,33000원,,Y,Y,N,,,,,1.0%,100,500,100,500,0,,,,유료,선결제,2750,3300,6600,N,Y,-,가구/인테리어,인테리어소품,디자인문패,,동성플러스,알리네 간판,,,,N,N,N,,,,http://shop1.phinf.naver.net/20210610_74/1623300085797x0Y8v_PNG/24435981336639771_920076119.png,,,,2020-11-20 14:01:11,2021-06-28 18:35:39,
5223844191,3DB_0016,스마트스토어,Y,수제맥주 술집 카페 네온 이니셜 루미사인 문자조명 LED 나래바 무드등 차박소품 개업선물,N,-,판매중,전시중,100,165000,150000,15000원,,150000,15000원,,N,Y,N,,,,,1.0%,100,500,100,500,0,,,,유료,선결제,2750,3300,6600,N,Y,-,가구/인테리어,인테리어소품,디자인문패,,동성플러스,알리네 간판,,,,N,N,N,,,,http://shop1.phinf.naver.net/20201117_42/1605601338816mBNCi_JPEG/6737234542719905_371610697.jpg,,,,2020-11-17 17:41:56,2021-06-28 18:35:39,
5223485305,3DB_0018,스마트스토어,Y,셀프바 주문제작 네온 이니셜 루미사인 문자조명 LED간판 나래바 무드등 차박소품 개업선물,N,-,판매중,전시중,99,109800,99000,10800원,,99000,10800원,,N,Y,N,,,,,1.0%,100,500,100,500,0,,,,유료,선결제,2750,3300,6600,N,Y,-,가구/인테리어,인테리어소품,디자인문패,,동성플러스,알리네 간판,,,,N,N,N,,,,http://shop1.phinf.naver.net/20201117_46/1605592048484DhFEV_JPEG/6727944216779953_546766510.jpg,,,,2020-11-17 15:16:20,2021-06-28 18:35:39,
5058582418,3DB_0002,스마트스토어,Y,LED 오픈간판 OPEN 사인 개업선물,N,-,판매중,전시중,85,89000,69000,20000원,,69000,20000원,,N,Y,N,,,,,1.0%,100,500,100,500,0,,,,유료,선결제,2750,3300,6600,N,Y,-,가구/인테리어,인테리어소품,디자인문패,,동성플러스,알리네 간판,,,,N,N,N,,,,http://shop1.phinf.naver.net/20200812_116/1597196399679fmKyW_JPEG/34558733275374363_2081927002.jpg,,,,2020-08-12 10:53:31,2021-06-28 18:35:39,
5057254533,,스마트스토어,Y,LED 오픈사인 영업중 조명간판 아크릴채널 캠핑포인트문패 홈바네온 개업선물,N,-,판매중,전시중,29988,89000,89000,,,89000,,,Y,Y,N,,,,,1.0%,100,500,100,500,0,,,,조건부 무료,착불 또는 선결제,2750,3300,6600,N,Y,-,가구/인테리어,인테리어소품,디자인문패,,동성플러스,알리네 간판,,,,N,N,Y,,,,http://shop1.phinf.naver.net/20210705_165/16254133834131IwMH_PNG/26549282111524313_1498393320.png,,,,2020-08-11 16:40:00,2021-07-24 09:30:11,
5023198084,3DB_0012,스마트스토어,Y,카페 커피 네온 루미사인 LED간판 개업선물,N,-,판매중,전시중,85,98000,89000,9000원,,89000,9000원,,N,Y,N,,,,,1.0%,100,500,100,500,0,,,,유료,선결제,2750,3300,6600,N,Y,-,가구/인테리어,인테리어소품,디자인문패,,동성플러스,알리네 간판,,,,N,N,Y,,,,http://shop1.phinf.naver.net/20210723_297/1627017782199efWWu_PNG/28153677924617547_1384040904.png,,,,2020-07-20 10:23:33,2021-07-23 14:23:05,
4884956801,3DB_0011,스마트스토어,Y,네일아트 네일샵 led 조명간판,N,-,판매중,전시중,94,99000,99000,,,99000,,,N,Y,N,,,,,1.0%,100,500,100,500,0,,,,유료,선결제,2750,3300,6600,N,Y,-,가구/인테리어,인테리어소품,디자인문패,,동성플러스,알리네 간판,,,,N,N,N,,,,http://shop1.phinf.naver.net/20200409_50/1586416237601DBd0e_JPEG/23776976232194423_1470540656.jpg,,,,2020-04-09 16:24:40,2021-06-28 18:35:39,
4884729518,3DB_0006,스마트스토어,Y,블루네온 헤어샵 이니셜 루미사인 LED간판 입체글자 개업선물 전광판 바버샵 미용실 나래바,N,-,판매중,전시중,50,218000,199000,19000원,,199000,19000원,,N,Y,N,,,,,1.0%,100,500,100,500,0,,,,유료,선결제,2750,3300,6600,N,Y,-,가구/인테리어,인테리어소품,디자인문패,,동성플러스,알리네 간판,,,,N,N,N,,,,http://shop1.phinf.naver.net/20200409_8/1586409005240DA3Mk_JPEG/23770547864960940_1997691286.jpg,,,,2020-04-09 14:28:37,2021-06-28 18:35:39,
4397033097,,스마트스토어,Y,A4 철제입간판 POP스탠드 매장입구간판,N,-,판매중,전시중,33,80000,77000,3000원,,77000,3000원,,N,N,N,,,,,1.0%,0,0,0,0,0,,,,유료,선결제,5500,5500,11000,N,Y,-,생활/건강,문구/사무용품,사무용품,현수막,,알리네 간판,,,,N,N,N,,,,http://shop1.phinf.naver.net/20190329_288/signcody4657_1553824896217F2TUP_JPEG/77132055837963119_2028191854.jpg,,,,2019-03-29 11:21:15,2021-06-28 10:19:28,
4396782783,,스마트스토어,Y,A3 철제입간판 POP스탠드 매장입구간판,N,-,판매중,전시중,39,90000,84000,6000원,,84000,6000원,,Y,N,N,,,,,1.0%,0,0,0,0,0,,,,유료,착불 또는 선결제,5500,5500,11000,N,Y,-,생활/건강,문구/사무용품,사무용품,현수막,,알리네 간판,,,,N,N,N,,,,http://shop1.phinf.naver.net/20190329_289/signcody4657_1553821468578Bfkup_JPEG/36540327426161529_1845545073.jpg,,,,2019-03-29 10:18:22,2021-06-28 10:19:28,
3966923717,,스마트스토어,Y,카페 커피간판 오픈 개업선물 LED 네온 루미사인,N,-,판매중,전시중,178,89000,89000,,,89000,,,Y,Y,N,,,,,1.0%,100,500,100,500,0,,,,유료,선결제,2750,3300,6600,N,Y,-,가구/인테리어,인테리어소품,디자인문패,,동성플러스,알리네 간판,,,,N,N,Y,,,,http://shop1.phinf.naver.net/20200728_194/1595899264136xfagS_JPEG/33262652653355534_1030066721.jpg,,,,2018-12-22 13:46:47,2021-07-09 21:50:23,
2161411942,,스마트스토어,Y,원터치와이어 액자레일 천정고리 천장액자 천정액자 벽액자걸이,N,-,판매중,전시중지,87,5900,5900,,,5900,,,N,N,N,,,,,1.0%,0,0,0,0,0,,,,조건부 무료,착불 또는 선결제,2750,2750,5500,N,Y,-,가구/인테리어,DIY자재/용품,가구부속품,기타가구부속품,,알리네 간판,,,,N,N,N,,,,http://shop1.phinf.naver.net/20170905_294/signcody4657_1504574817071txEAc_JPEG/27881996712127877_88556269.jpg,,,,2017-09-05 10:27:39,2021-07-23 13:39:12,
2153335026,,스마트스토어,Y,7자형와이어 액자레일 천정고리 천장액자 천정액자 벽액자걸이,N,-,판매중,전시중지,100,5900,5900,,,5900,,,N,Y,N,,,,,1.0%,0,0,0,0,0,,,,조건부 무료,착불 또는 선결제,2750,2750,5500,N,Y,-,가구/인테리어,DIY자재/용품,가구부속품,기타가구부속품,,알리네 간판,,,,N,N,N,,,,http://shop1.phinf.naver.net/20170901_98/signcody4657_1504250347506S6kyp_JPEG/27557507127043198_-2105230758.jpg,,,,2017-09-01 16:33:23,2021-07-23 13:39:12,
2153206986,,스마트스토어,Y,레일용와이어 액자레일 천정고리 천장액자 천정액자 벽액자걸이,N,-,판매중,전시중지,100,5900,5900,,,5900,,,N,N,N,,,,,1.0%,0,0,0,0,0,,,,조건부 무료,착불 또는 선결제,2750,2750,5500,N,Y,-,가구/인테리어,DIY자재/용품,가구부속품,기타가구부속품,,알리네 간판,,,,N,N,N,,,,http://shop1.phinf.naver.net/20170901_114/signcody4657_1504245651944owXUI_JPEG/27552845585950538_1967059796.jpg,,,,2017-09-01 15:02:37,2021-07-23 13:39:12,
606844220,,스마트스토어,Y,알루미늄자 안전스틸 공업용 컷팅 손가락보호 미끄럼방지 커팅용 스틸엣지,N,-,판매중,전시중,134,11000,11000,,,11000,,,Y,N,N,,,,,1.0%,0,0,0,0,0,,,,조건부 무료,착불 또는 선결제,3300,2750,5500,N,Y,-,생활/건강,공구,안전용품,기타안전용품,,알리네 간판,,,,N,N,N,,,,http://shop1.phinf.naver.net/20161230_245/signcody4657_1483065347831P8SLr_JPEG/7411649582629605_-610095154.jpg,,,,2016-12-30 11:36:08,2021-07-23 13:39:12,
606800853,,스마트스토어,Y,양면폼테이프 다용도 건축용 가정용 시공부착용 간판자재,N,-,판매중,전시중,366,2200,2200,,,2200,,,Y,N,N,,,,,1.0%,0,0,0,0,0,,,,조건부 무료,착불 또는 선결제,2750,2750,5500,N,Y,-,생활/건강,공구,포장용품,테이프,,알리네 간판,,,,N,N,N,,,,http://shop1.phinf.naver.net/20161230_47/signcody4657_1483060420695eKzvn_JPEG/7325200033346480_754942560.jpg,,,,2016-12-30 10:14:52,2021-07-23 13:39:12,
606793583,,스마트스토어,Y,아크릴 재단칼 절단용 캇타 다용도 커터,N,-,판매중,전시중,99,3300,3300,,,3300,,,N,N,N,,,,,1.0%,0,0,0,0,0,,,,조건부 무료,착불 또는 선결제,2750,2750,5500,N,Y,-,생활/건강,공구,설비공구,컷터기,,알리네 간판,,,,N,N,N,,,,http://shop1.phinf.naver.net/20161230_229/signcody4657_1483059236941RavBG_JPEG/7324025495738290_-2108273601.jpg,,,,2016-12-30 09:54:09,2021-07-23 13:39:12,
451552487,,스마트스토어,Y,시트제거칼 스크래퍼 찐드기제거 시공용 유리전용 바닥껌제거,N,-,판매중,전시중,296,8800,8800,,,8800,,,Y,N,N,,,,,1.0%,0,0,0,0,0,,,,조건부 무료,선결제,2750,2750,5500,N,Y,-,가구/인테리어,DIY자재/용품,접착제/보수용품,,,알리네 간판,,,,N,N,N,,,,http://shop1.phinf.naver.net/20200102_206/1577944873129Mj6WK_JPEG/15308261657553390_437991113.jpg,,,,2016-07-27 14:08:13,2021-07-23 13:39:12,
451547627,,스마트스토어,Y,보영황금헤라 썬팅 랩핑 시트지 필름시공,N,-,판매중,전시중,75,1000,1000,,,1000,,,Y,N,N,,,,,1.0%,0,0,0,0,0,,,,조건부 무료,선결제,2750,2750,5500,N,Y,-,가구/인테리어,DIY자재/용품,접착제/보수용품,,,알리네 간판,,,,N,N,N,,,,http://shop1.phinf.naver.net/20160727_296/signcody4657_146959506592421cNB_JPEG/22.jpg,,,,2016-07-27 13:51:46,2021-07-23 13:39:12,
451546841,,스마트스토어,Y,보영고급홍금헤라 썬팅 시트지 랩핑 밀대,N,-,판매중,전시중,900,2000,2000,,,2000,,,Y,N,N,,,,,1.0%,0,0,0,0,0,,,,조건부 무료,선결제,2750,2750,5500,N,Y,-,가구/인테리어,DIY자재/용품,접착제/보수용품,,,알리네 간판,,,,N,N,N,,,,http://shop1.phinf.naver.net/20160727_251/signcody4657_14695949336756zWnU_JPEG/3333.jpg,,,,2016-07-27 13:49:59,2021-07-23 13:39:12,
451539952,,스마트스토어,Y,올양모헤라 썬팅 랩핑시공 기스방지 밀대,N,-,판매중,전시중,99,8800,8800,,,8800,,,Y,N,N,,,,,1.0%,0,0,0,0,0,,,,조건부 무료,선결제,2750,2750,5500,N,Y,-,가구/인테리어,DIY자재/용품,접착제/보수용품,,,알리네 간판,,,,N,N,N,,,,http://shop1.phinf.naver.net/20160727_218/signcody4657_1469593535024dmQn6_JPEG/2.jpg,,,,2016-07-27 13:26:33,2021-07-23 13:39:12,
451539605,,스마트스토어,Y,양모헤라 썬팅전용 기스방지 시트지시공 랩핑,N,-,판매중,전시중,179,5500,5500,,,5500,,,Y,N,N,,,,,1.0%,0,0,0,0,0,,,,조건부 무료,선결제,2750,2750,5500,N,Y,-,가구/인테리어,DIY자재/용품,접착제/보수용품,,,알리네 간판,,,,N,N,N,,,,http://shop1.phinf.naver.net/20160727_118/signcody4657_1469593382693AEqwC_JPEG/76214381204977716_-851699418.JPG,,,,2016-07-27 13:24:04,2021-07-23 13:39:12,
451539269,,스마트스토어,Y,썬팅전용헤라 랩핑 기스 시트지전용 연질,N,-,판매중,전시중,99,2200,2200,,,2200,,,Y,N,N,,,,,1.0%,0,0,0,0,0,,,,조건부 무료,선결제,2750,2750,5500,N,Y,-,가구/인테리어,DIY자재/용품,접착제/보수용품,,,알리네 간판,,,,N,N,N,,,,http://shop1.phinf.naver.net/20160727_57/signcody4657_14695931849042vd93_JPEG/222222222222.jpg,,,,2016-07-27 13:21:41,2021-07-23 13:39:12,
451538786,,스마트스토어,Y,썬팅전용헤라 랩핑 기스 시트지전용 우레탄,N,-,판매중,전시중,78,11000,11000,,,11000,,,Y,N,N,,,,,1.0%,0,0,0,0,0,,,,조건부 무료,선결제,2750,2750,5500,N,Y,-,가구/인테리어,DIY자재/용품,접착제/보수용품,,,알리네 간판,,,,N,N,N,,,,http://shop1.phinf.naver.net/20160727_3/signcody4657_1469593053722vtGqB_JPEG/76214064289549624_1446969296.jpg,,,,2016-07-27 13:18:20,2021-07-23 13:39:12,
451538449,,스마트스토어,Y,썬팅전용헤라 랩핑 기스 시트지전용 이중날고무,N,-,판매중,전시중,96,3300,3300,,,3300,,,Y,N,N,,,,,1.0%,0,0,0,0,0,,,,조건부 무료,선결제,2750,2750,5500,N,Y,-,가구/인테리어,DIY자재/용품,접착제/보수용품,,,알리네 간판,,,,N,N,N,,,,http://shop1.phinf.naver.net/20160727_130/signcody4657_1469592912716q5Xg9_JPEG/76213944631875065_1951645868.jpg,,,,2016-07-27 13:15:57,2021-07-23 13:39:12,
450226855,,스마트스토어,Y,현대엠보시트지 안개시트지 불투명시트지 유리창시트지 사생활보호시트지,N,-,판매중,전시중지,158,3800,3300,500원,,3300,500원,,Y,N,N,,,,,1.0%,0,0,0,0,0,,,,조건부 무료,선결제,3300,3300,6600,N,Y,-,가구/인테리어,DIY자재/용품,시트지,유리용시트지,,알리네 간판,,,,N,N,N,,,,http://shop1.phinf.naver.net/20160725_281/signcody4657_1469433671351xu0jm_JPEG/76054669866536202_-1801482316.JPG,,,,2016-07-25 17:03:02,2021-06-28 10:19:28,
448730401,,스마트스토어,Y,현대칼라시트지 조명용시트지 옥외용시트지 무광칼라시트지 단색시트지 간판시트지 글자컷팅시트지,N,-,판매중,전시중지,4492,6000,5500,500원,,5500,500원,,Y,N,N,,,,,1.0%,0,0,0,0,0,,,,조건부 무료,착불 또는 선결제,3300,3300,6600,N,Y,-,가구/인테리어,DIY자재/용품,시트지,단색시트지,,알리네 간판,,,,N,N,N,,,,http://shop1.phinf.naver.net/20160722_107/signcody4657_1469154322229WBRxo_JPEG/75775332791281565_-1382130300.jpg,,,,2016-07-22 11:35:06,2021-06-28 10:19:28,
448702497,,스마트스토어,Y,옥외용시트지 간판시트지 글자컷팅시트지 단색시트지 현대유광칼라시트지 씨트지,N,-,판매중,전시중지,1758,5000,4400,600원,,4400,600원,,Y,N,N,,,,,1.0%,0,0,0,0,0,,,,조건부 무료,착불 또는 선결제,3300,3300,6600,N,Y,-,가구/인테리어,DIY자재/용품,시트지,단색시트지,,알리네 간판,,,,N,N,N,,,,http://shop1.phinf.naver.net/20160728_122/signcody4657_1469670437059d10Ws_JPEG/76291435508071552_2081517123.jpg,,,,2016-07-22 11:22:10,2021-06-28 10:19:28,
448322726,,스마트스토어,Y,유리창시트지 창문시트지 욕실유리시트지 샤워부스시트지 윈도우필름,N,-,판매중,전시중지,776,4900,4900,,,4900,,,Y,N,N,,,,,1.0%,0,0,0,0,0,,,기본 배송비 묶음그룹,조건부 무료,선결제,3300,3300,6600,N,Y,-,가구/인테리어,DIY자재/용품,시트지,유리용시트지,,알리네 간판,,,,N,N,N,,,,http://shop1.phinf.naver.net/20160721_54/signcody4657_14690898713522IIvA_JPEG/75710869847907215_1759948021.jpg,,,,2016-07-21 17:40:44,2021-06-28 10:19:28,
446773212,,스마트스토어,Y,현대칼라시트지 내부용시트지 무광칼라시트지 단색시트지 간판시트지,N,-,판매중,전시중지,5954,3800,3300,500원,,3300,500원,,Y,N,N,,,,,1.0%,0,0,0,0,0,,,,조건부 무료,착불 또는 선결제,3300,3300,6600,N,Y,-,가구/인테리어,DIY자재/용품,시트지,단색시트지,(주)현대시트,알리네 간판,,일반용시트지,,N,N,N,,,,http://shop1.phinf.naver.net/20160719_197/signcody4657_1468908483635Vz6s2_JPEG/75529476151213870_-1824616770.jpg,,,,2016-07-19 15:13:56,2021-06-28 10:19:28,
